798,quangtinh,2020-08-24 19:48:47,quangtinh,2020-08-24 19:48:47,,XS,
799,quangtinh,2020-08-24 19:48:47,quangtinh,2020-08-24 19:48:47,,S,
800,quangtinh,2020-08-24 19:48:47,quangtinh,2020-08-24 19:48:47,,M,
801,quangtinh,2020-08-24 19:48:47,quangtinh,2020-08-24 19:48:47,,L,
802,quangtinh,2020-08-24 19:48:47,quangtinh,2020-08-24 19:48:47,,XL,
803,quangtinh,2020-08-24 19:48:47,quangtinh,2020-08-24 19:48:48,,XXL,
804,quangtinh,2020-08-24 19:49:02,quangtinh,2020-08-24 19:49:02,,32/30,
805,quangtinh,2020-08-24 19:49:02,quangtinh,2020-08-24 19:49:02,,32/32,
806,quangtinh,2020-08-24 19:49:02,quangtinh,2020-08-24 19:49:02,,32/34,
807,quangtinh,2020-08-24 19:49:02,quangtinh,2020-08-24 19:49:02,,34/30,
808,quangtinh,2020-08-24 19:49:02,quangtinh,2020-08-24 19:49:02,,34/32,
809,quangtinh,2020-08-24 19:49:02,quangtinh,2020-08-24 19:49:02,,34/34,
810,quangtinh,2020-08-24 19:49:02,quangtinh,2020-08-24 19:49:02,,36/30,
811,quangtinh,2020-08-24 19:49:02,quangtinh,2020-08-24 19:49:02,,36/32,
812,quangtinh,2020-08-24 19:49:02,quangtinh,2020-08-24 19:49:02,,36/34,
813,quangtinh,2020-08-24 19:49:02,quangtinh,2020-08-24 19:49:02,,38/30,
814,quangtinh,2020-08-24 19:49:02,quangtinh,2020-08-24 19:49:02,,38/32,
815,quangtinh,2020-08-24 19:49:02,quangtinh,2020-08-24 19:49:02,,38/34,
816,quangtinh,2020-08-24 19:49:02,quangtinh,2020-08-24 19:49:02,,40/30,
817,quangtinh,2020-08-24 19:49:02,quangtinh,2020-08-24 19:49:02,,40/32,
818,quangtinh,2020-08-24 19:49:02,quangtinh,2020-08-24 19:49:02,,40/34,
819,quangtinh,2020-08-24 19:49:02,quangtinh,2020-08-24 19:49:02,,42/30,
820,quangtinh,2020-08-24 19:49:02,quangtinh,2020-08-24 19:49:02,,42/32,
821,quangtinh,2020-08-24 19:49:02,quangtinh,2020-08-24 19:49:02,,42/34,
822,quangtinh,2020-08-24 19:49:02,quangtinh,2020-08-24 19:49:02,,44/30,
823,quangtinh,2020-08-24 19:49:02,quangtinh,2020-08-24 19:49:02,,44/32,
824,quangtinh,2020-08-24 19:49:02,quangtinh,2020-08-24 19:49:02,,44/34,
825,quangtinh,2020-08-24 19:49:24,quangtinh,2020-08-24 19:49:24,,ONE SIZE,
826,quangtinh,2020-08-24 19:49:42,quangtinh,2020-08-24 19:49:42,,XXS,
827,quangtinh,2020-08-24 19:50:00,quangtinh,2020-08-24 19:50:00,,30/28,
828,quangtinh,2020-08-24 19:50:00,quangtinh,2020-08-24 19:50:00,,32/28,
829,quangtinh,2020-08-24 19:50:00,quangtinh,2020-08-24 19:50:00,,34/28,
830,quangtinh,2020-08-24 19:50:00,quangtinh,2020-08-24 19:50:00,,36/28,
831,quangtinh,2020-08-24 19:50:00,quangtinh,2020-08-24 19:50:00,,38/28,
832,quangtinh,2020-08-24 19:50:00,quangtinh,2020-08-24 19:50:00,,40/28,
833,quangtinh,2020-08-24 19:50:00,quangtinh,2020-08-24 19:50:00,,42/28,
834,quangtinh,2020-08-24 19:50:00,quangtinh,2020-08-24 19:50:00,,44/28,
835,quangtinh,2020-08-24 19:51:48,quangtinh,2020-08-24 19:51:48,,24/30,
836,quangtinh,2020-08-24 19:51:48,quangtinh,2020-08-24 19:51:48,,25/30,
837,quangtinh,2020-08-24 19:51:48,quangtinh,2020-08-24 19:51:48,,26/26,
838,quangtinh,2020-08-24 19:51:48,quangtinh,2020-08-24 19:51:48,,26/30,
839,quangtinh,2020-08-24 19:51:48,quangtinh,2020-08-24 19:51:48,,26/32,
840,quangtinh,2020-08-24 19:51:48,quangtinh,2020-08-24 19:51:48,,27/26,
841,quangtinh,2020-08-24 19:51:48,quangtinh,2020-08-24 19:51:48,,27/30,
842,quangtinh,2020-08-24 19:51:48,quangtinh,2020-08-24 19:51:48,,27/32,
843,quangtinh,2020-08-24 19:51:48,quangtinh,2020-08-24 19:51:48,,27/34,
844,quangtinh,2020-08-24 19:51:48,quangtinh,2020-08-24 19:51:48,,28/26,
845,quangtinh,2020-08-24 19:51:48,quangtinh,2020-08-24 19:51:48,,28/30,
846,quangtinh,2020-08-24 19:51:48,quangtinh,2020-08-24 19:51:48,,28/32,
847,quangtinh,2020-08-24 19:51:48,quangtinh,2020-08-24 19:51:48,,28/34,
848,quangtinh,2020-08-24 19:51:48,quangtinh,2020-08-24 19:51:48,,29/26,
849,quangtinh,2020-08-24 19:51:48,quangtinh,2020-08-24 19:51:48,,29/30,
850,quangtinh,2020-08-24 19:51:48,quangtinh,2020-08-24 19:51:48,,29/32,
851,quangtinh,2020-08-24 19:51:48,quangtinh,2020-08-24 19:51:48,,29/34,
852,quangtinh,2020-08-24 19:51:48,quangtinh,2020-08-24 19:51:48,,30/26,
853,quangtinh,2020-08-24 19:51:48,quangtinh,2020-08-24 19:51:48,,30/30,
854,quangtinh,2020-08-24 19:51:48,quangtinh,2020-08-24 19:51:48,,30/32,
855,quangtinh,2020-08-24 19:51:48,quangtinh,2020-08-24 19:51:48,,30/34,
856,quangtinh,2020-08-24 19:51:48,quangtinh,2020-08-24 19:51:48,,31/26,
857,quangtinh,2020-08-24 19:51:48,quangtinh,2020-08-24 19:51:48,,31/30,
858,quangtinh,2020-08-24 19:51:48,quangtinh,2020-08-24 19:51:48,,31/32,
859,quangtinh,2020-08-24 19:51:48,quangtinh,2020-08-24 19:51:48,,31/34,
860,quangtinh,2020-08-24 19:51:48,quangtinh,2020-08-24 19:51:48,,33/30,
861,quangtinh,2020-08-24 19:51:48,quangtinh,2020-08-24 19:51:49,,33/32,
862,quangtinh,2020-08-24 19:51:49,quangtinh,2020-08-24 19:51:49,,33/34,
863,quangtinh,2020-08-24 19:54:01,quangtinh,2020-08-24 19:54:01,,32/24,
864,quangtinh,2020-08-24 19:54:01,quangtinh,2020-08-24 19:54:01,,34/24,
865,quangtinh,2020-08-24 19:54:01,quangtinh,2020-08-24 19:54:01,,36/24,
866,quangtinh,2020-08-24 19:54:01,quangtinh,2020-08-24 19:54:01,,38/24,
867,quangtinh,2020-08-24 19:54:01,quangtinh,2020-08-24 19:54:01,,40/24,
868,quangtinh,2020-08-24 19:54:01,quangtinh,2020-08-24 19:54:01,,42/24,
869,quangtinh,2020-08-24 19:54:01,quangtinh,2020-08-24 19:54:01,,44/24,
870,quangtinh,2020-08-24 19:54:20,quangtinh,2020-08-24 19:54:20,,36,
871,quangtinh,2020-08-24 19:54:20,quangtinh,2020-08-24 19:54:20,,37,
872,quangtinh,2020-08-24 19:54:20,quangtinh,2020-08-24 19:54:20,,38,
873,quangtinh,2020-08-24 19:54:20,quangtinh,2020-08-24 19:54:20,,39,
874,quangtinh,2020-08-24 19:54:20,quangtinh,2020-08-24 19:54:20,,40,
875,quangtinh,2020-08-24 19:54:20,quangtinh,2020-08-24 19:54:20,,41,
876,quangtinh,2020-08-24 19:54:20,quangtinh,2020-08-24 19:54:20,,42,
877,quangtinh,2020-08-24 19:56:14,quangtinh,2020-08-24 19:56:14,,32,
878,quangtinh,2020-08-24 19:56:14,quangtinh,2020-08-24 19:56:14,,34,
879,quangtinh,2020-08-24 19:56:14,quangtinh,2020-08-24 19:56:14,,44,
880,quangtinh,2020-08-24 19:56:43,quangtinh,2020-08-24 19:56:43,,30,
881,quangtinh,2020-08-24 19:58:51,quangtinh,2020-08-24 19:58:51,,75,
882,quangtinh,2020-08-24 19:58:51,quangtinh,2020-08-24 19:58:51,,80,
883,quangtinh,2020-08-24 19:58:51,quangtinh,2020-08-24 19:58:51,,85,
884,quangtinh,2020-08-24 19:58:51,quangtinh,2020-08-24 19:58:52,,90,
885,quangtinh,2020-08-24 19:58:52,quangtinh,2020-08-24 19:58:52,,95,
886,quangtinh,2020-08-24 19:58:52,quangtinh,2020-08-24 19:58:52,,100,
887,quangtinh,2020-08-24 20:01:55,quangtinh,2020-08-24 20:01:55,,46,
888,quangtinh,2020-08-24 20:01:55,quangtinh,2020-08-24 20:01:55,,48,
889,quangtinh,2020-08-24 20:01:55,quangtinh,2020-08-24 20:01:55,,50,
890,quangtinh,2020-08-24 20:01:55,quangtinh,2020-08-24 20:01:56,,52,
891,quangtinh,2020-08-24 20:02:07,quangtinh,2020-08-24 20:02:07,,46/28,
892,quangtinh,2020-08-24 20:02:07,quangtinh,2020-08-24 20:02:07,,48/28,
893,quangtinh,2020-08-24 20:02:07,quangtinh,2020-08-24 20:02:07,,50/28,
894,quangtinh,2020-08-24 20:02:07,quangtinh,2020-08-24 20:02:07,,52/28,
